frame,brisque
0,-nan
1,112.751884
2,109.722137
3,104.873283
4,101.889587
5,96.340729
6,84.494019
7,81.392471
8,79.954308
9,69.058380
10,66.875511
11,63.981163
12,54.492924
13,52.234566
14,52.748970
15,51.100754
16,47.642887
17,46.964077
18,45.712265
19,41.762028
20,46.171219
21,38.140625
22,41.737766
23,40.142445
24,40.074001
25,37.444065
26,39.291935
27,42.187939
28,37.055687
29,36.644119
30,41.590923
31,45.289722
32,47.916435
33,52.881168
